{"branches": 57.2463768115942, "coverage": 70.0122900450635}