{"branches": 38.405797101449274, "coverage": 57.84514543219992}