{"branches": 4.3478260869565215, "coverage": 18.68086849651782}