{"branches": 86.95652173913044, "coverage": 88.02902055622734}